Title,Ingredients,Summary,Image_Name,Cleaned_Ingredients
Miso-Butter Roast Chicken With Acorn Squash Panzanella,"['1 (3½–4-lb.) whole chicken', '2¾ tsp. kosher salt, divided, plus more', '2 small acorn squash (about 3 lb. total)', '2 Tbsp. finely chopped sage', '1 Tbsp. finely chopped rosemary', '6 Tbsp. unsalted butter, melted, plus 3 Tbsp. room temperature', '¼ tsp. ground allspice', 'Pinch of crushed red pepper flakes', 'Freshly ground black pepper', '⅓ loaf good-quality sturdy white bread, torn into 1"" pieces (about 2½ cups)', '2 medium apples (such as Gala or Pink Lady; about 14 oz. total), cored, cut into 1"" pieces', '2 Tbsp. extra-virgin olive oil', '½ small red onion, thinly sliced', '3 Tbsp. apple cider vinegar', '1 Tbsp. white miso', '¼ cup all-purpose flour', '2 Tbsp. unsalted butter, room temperature', '¼ cup dry white wine', '2 cups unsalted chicken broth', '2 tsp. white miso', 'Kosher salt, freshly ground pepper']","Roast chicken in a large cast-iron skillet until an instant-read thermometer inserted into the thickest part of breast registers 155°F, 50–60 minutes. Meanwhile, roast squash on lower rack until mostly tender, about 25 minutes.",miso-butter-roast-chicken-acorn-squash-panzanella,"['1 (3½–4-lb.) whole chicken', '2¾ tsp. kosher salt, divided, plus more', '2 small acorn squash (about 3 lb. total)', '2 Tbsp. finely chopped sage', '1 Tbsp. finely chopped rosemary', '6 Tbsp. unsalted butter, melted, plus 3 Tbsp. room temperature', '¼ tsp. ground allspice', 'Pinch of crushed red pepper flakes', 'Freshly ground black pepper', '⅓ loaf good-quality sturdy white bread, torn into 1"" pieces (about 2½ cups)', '2 medium apples (such as Gala or Pink Lady; about 14 oz. total), cored, cut into 1"" pieces', '2 Tbsp. extra-virgin olive oil', '½ small red onion, thinly sliced', '3 Tbsp. apple cider vinegar', '1 Tbsp. white miso', '¼ cup all-purpose flour', '2 Tbsp. unsalted butter, room temperature', '¼ cup dry white wine', '2 cups unsalted chicken broth', '2 tsp. white miso', 'Kosher salt', 'freshly ground pepper']"
Crispy Salt and Pepper Potatoes,"['2 large egg whites', '1 pound new potatoes (about 1 inch in diameter)', '2 teaspoons kosher salt', '¾ teaspoon finely ground black pepper', '1 teaspoon finely chopped rosemary', '1 teaspoon finely chopped thyme', '1 teaspoon finely chopped parsley']",Roast the potatoes until they are crispy and tender when poked with a knife.,crispy-salt-and-pepper-potatoes-dan-kluger,"['2 large egg whites', '1 pound new potatoes (about 1 inch in diameter)', '2 teaspoons kosher salt', '¾ teaspoon finely ground black pepper', '1 teaspoon finely chopped rosemary', '1 teaspoon finely chopped thyme', '1 teaspoon finely chopped parsley']"
Thanksgiving Mac and Cheese,"['1 cup evaporated milk', '1 cup whole milk', '1 tsp. garlic powder', '1 tsp. onion powder', '1 tsp. smoked paprika', '½ tsp. freshly ground black pepper', '1 tsp. kosher salt, plus more', '2 lb. extra-sharp cheddar, coarsely grated', '4 oz. full-fat cream cheese', '1 lb. elbow macaroni']","Bring evaporated milk and whole milk to a bare simmer in a large saucepan over medium heat. Whisk in garlic powder, onion powder, paprika, pepper, and 1 tsp. salt. Working in batches, whisk in three fourths of the cheddar, then all of the cream cheese.",thanksgiving-mac-and-cheese-erick-williams,"['1 cup evaporated milk', '1 cup whole milk', '1 tsp. garlic powder', '1 tsp. onion powder', '1 tsp. smoked paprika', '½ tsp. freshly ground black pepper', '1 tsp. kosher salt, plus more', '2 lb. extra-sharp cheddar, coarsely grated', '4 oz. full-fat cream cheese', '1 lb. elbow macaroni']"
Italian Sausage and Bread Stuffing,"['1 (¾- to 1-pound) round Italian loaf, cut into 1-inch cubes (8 cups)', '2 tablespoons olive oil, divided', '2 pounds sweet Italian sausage, casings removed, divided', '1 stick unsalted butter, cut into pieces', '3 medium onions, chopped', '4 large celery ribs, chopped', '5 garlic cloves, minced', '4 large eggs, lightly beaten', '¾ cup heavy cream, divided', '½ cup turkey giblet stock or reduced-sodium chicken broth', '1 cup grated Parmigiano-Reggiano (2 ounces)', '½ cup coarsely chopped flat-leaf parsley', '4-qt shallow ceramic or glass baking dish']",Bread can be toasted 3 days ahead and kept (once cool) in a sealed bag at room temperature. Stuffing can be prepared (but not baked) 4 hours before roasting turkey.,italian-sausage-and-bread-stuffing-240559,"['1 (¾- to 1-pound) round Italian loaf, cut into 1-inch cubes (8 cups)', '2 tablespoons olive oil, divided', '2 pounds sweet Italian sausage, casings removed, divided', '1 stick unsalted butter, cut into pieces', '3 medium onions, chopped', '4 large celery ribs, chopped', '5 garlic cloves, minced', '4 large eggs, lightly beaten', '¾ cup heavy cream, divided', '½ cup turkey giblet stock or reduced-sodium chicken broth', '1 cup grated Parmigiano-Reggiano (2 ounces)', '½ cup coarsely chopped flat-leaf parsley', '4-qt shallow ceramic or glass baking dish']"
Newton's Law,"['1 teaspoon dark brown sugar', '1 teaspoon hot water', '1 ½ oz. bourbon', '½ oz. fresh lemon juice', '2 teaspoons apple butter (storebought or homemade)', 'Garnish: orange twist and freshly grated or ground cinnamon']","Stir together brown sugar and hot water in a cocktail shaker. Add bourbon, lemon juice, and apple butter and fill with ice. Shake until well chilled, about 15 seconds. Strain into an ice-filled rocks glass. Garnish with orange twist and cinnamon.",newtons-law-apple-bourbon-cocktail,"['1 teaspoon dark brown sugar', '1 teaspoon hot water', '1 ½ oz. bourbon', '½ oz. fresh lemon juice', '2 teaspoons apple butter (storebought or homemade)', 'Garnish: orange twist and freshly grated or ground cinnamon']"
Warm Comfort,"['2 chamomile tea bags', '1½ oz. reposado tequila', '¾ oz. fresh lemon juice', '1 Tbsp. agave nectar']","2 chamomile tea bags, 1 ½ cups boiling water. Add 1 ½ oz. reposado tequila, ¾ oz. fresh lemon juice, and 1 Tbsp. agave nectar.",warm-comfort-tequila-chamomile-toddy,"['2 chamomile tea bags', '1½ oz. reposado tequila', '¾ oz. fresh lemon juice', '1 Tbsp. agave nectar']"
Apples and Oranges,"['3 oz. Grand Marnier', '1 oz. Amaro Averna', 'Small pat salted butter (about ½ teaspoon)', '1 cup hot apple cider', '1½ to 3 tsp. fresh lemon juice (to taste, depending on the sweetness of your cider)', 'Garnish: freshly ground pink peppercorns, plus 2 lemon wheels (optional)']","Add 3 oz. Grand Marnier, 1 oz. Amaro Averna, and a small pat of salted butter to a 16-ounce travel mug or large heatproof measuring cup. Add 1 cup hot apple cider and stir until butter melts.",apples-and-oranges-spiked-cider,"['3 oz. Grand Marnier', '1 oz. Amaro Averna', 'Small pat salted butter (about ½ teaspoon)', '1 cup hot apple cider', '1½ to 3 tsp. fresh lemon juice (to taste, depending on the sweetness of your cider)', 'Garnish: freshly ground pink peppercorns', 'plus 2 lemon wheels (optional)']"
Turmeric Hot Toddy,"['¼ cup granulated sugar', '¾ tsp. ground turmeric', '1 ½ oz. Amontillado sherry', '1 oz. bourbon, aged rum, Scotch, mezcal, or gin', '1 oz. Turmeric Syrup', '½ oz. fresh lemon juice', 'Garnish: Dehydrated lemon wheel (optional)']","For the turmeric syrup, combine ½ cup hot water and ¼ cup sugar in a liquid measuring cup or mason jar. Add ¾ tsp. ground turmeric and stir—or seal and shake—until sugar is completely dissolved.",turmeric-hot-toddy-claire-sprouse,"['¼ cup granulated sugar', '¾ tsp. ground turmeric', '1 ½ oz. Amontillado sherry', '1 oz. bourbon, aged rum, Scotch, mezcal, or gin', '1 oz. Turmeric Syrup', '½ oz. fresh lemon juice', 'Garnish: Dehydrated lemon wheel (optional)']"
Instant Pot Lamb Haleem,"['¾ cup assorted dals (such as chana dal, moong dal, masoor dal, and/or urad dal)', '¼ cup white jasmine rice or other long-grain rice', '¼ cup pearl barley', '1½ lb. bone-in lamb stew meat', '3 tsp. kosher salt, divided, plus more', '1 6"" piece fresh ginger', '3 medium shallots, thinly sliced', '⅓ cup ghee or vegetable oil', '4 garlic cloves, finely grated', '2 Tbsp. plus 1½ tsp. garam masala', '1 tsp. (or more) cayenne pepper', '1 tsp. ground turmeric', '3 green Thai chiles, stems removed (optional)', '½ cup (lightly packed) chopped cilantro, plus more for serving', '½ white onion, finely chopped', '2 limes, cut into wedges']","If using an electric pressure cooker, combine shallots and ghee in pot and set to sauté function or high. Cook, stirring often and adjusting heat as needed if your cooker has that option, until shallots are just beginning to brown, about 8 minutes. Add garlic, garam masala, cayenne, turmeric, and reserved grated ginger If using a medium Dutch oven or stovetop pressure cooker, cook shallots and ghee over high heat, stirring often. Add garlic, garam masala, cayenne, turmeric, and reserved grated ginger. Stir in ½ cup cilantro.",instant-pot-lamb-haleem,"['¾ cup assorted dals (such as chana dal, moong dal, masoor dal, and/or urad dal)', '¼ cup white jasmine rice or other long-grain rice', '¼ cup pearl barley', '1½ lb. bone-in lamb stew meat', '3 tsp. kosher salt, divided, plus more', '1 6"" piece fresh ginger', '3 medium shallots, thinly sliced', '⅓ cup ghee or vegetable oil', '4 garlic cloves, finely grated', '2 Tbsp. plus 1½ tsp. garam masala', '1 tsp. (or more) cayenne pepper', '1 tsp. ground turmeric', '3 green Thai chiles, stems removed (optional)', '½ cup (lightly packed) chopped cilantro, plus more for serving', '½ white onion, finely chopped', '2 limes', 'cut into wedges']"
Spiced Lentil and Caramelized Onion Baked Eggs,"['1 (14.5-ounce) can basic lentil soup, like Amy’s', '1 large onion, thinly sliced', '½ tsp. turmeric', '1 tsp. cumin', '¼ tsp. Aleppo pepper or ⅛ tsp. crushed red pepper flakes', '2 Tbsp. tomato paste', '3 large eggs', '2 Tbsp. ghee, unsalted butter, or olive oil', '½ tsp. whole cumin seeds', 'Olive oil', 'Kosher salt and freshly ground black pepper', 'Parsley, for finishing']","In a medium, oven-safe pan, heat 1 Tbsp. olive oil over medium heat. Add 1 large, thinly sliced onion and ½ tsp. Kosher salt. Cook, stirring often, until golden brown, about 25 minutes. Add one 14-oz. can of lentil soup.",spiced-lentil-and-caramelized-onion-baked-eggs,"['1 (14.5-ounce) can basic lentil soup, like Amy’s', '1 large onion, thinly sliced', '½ tsp. turmeric', '1 tsp. cumin', '¼ tsp. Aleppo pepper or ⅛ tsp. crushed red pepper flakes', '2 Tbsp. tomato paste', '3 large eggs', '2 Tbsp. ghee, unsalted butter, or olive oil', '½ tsp. whole cumin seeds', 'Olive oil', 'Kosher salt and freshly ground black pepper', 'Parsley', 'for finishing']"
Hot Pimento Cheese Dip,"['1 (7 oz./200 g) can chipotle in adobo sauce', '½ garlic clove, minced', 'Kosher salt', '1½ tsp. cornstarch', '1 (5 fl oz./150 ml) can evaporated milk (about ½ cup plus 2 Tbsp)', '8 oz. (230 g) sharp or extra-sharp Cheddar cheese, coarsely grated (about 2 cups)', '2 oz. (55 g) cream cheese, roughly diced, at room temperature', '¼ cup (60 g) mayonnaise', '1 (4 oz./115 g) jar diced pimento peppers, drained', '1½ tsp. Chipotle Pepper Purée']","The chipotle purée can be made in advance, stored in an airtight container, and refrigerated for up to 2 months. Put the chipotle peppers and adobo sauce in a small food processor or blender.",hot-pimento-cheese-dip-polina-chesnakova,"['1 (7 oz./200 g) can chipotle in adobo sauce', '½ garlic clove, minced', 'Kosher salt', '1½ tsp. cornstarch', '1 (5 fl oz./150 ml) can evaporated milk (about ½ cup plus 2 Tbsp)', '8 oz. (230 g) sharp or extra-sharp Cheddar cheese, coarsely grated (about 2 cups)', '2 oz. (55 g) cream cheese, roughly diced, at room temperature', '¼ cup (60 g) mayonnaise', '1 (4 oz./115 g) jar diced pimento peppers, drained', '1½ tsp. Chipotle Pepper Purée']"
Spiral Ham in the Slow Cooker,"['1 (6- to 7-pound) bone-in, hickory-smoked, uncured fully cooked ham', '5 medium parsnips, peeled and halved lengthwise', '5 medium carrots, peeled and halved lengthwise', '1 cup maple syrup', '2 cups unsweetened apple juice', '½ cup packed dark brown sugar', '½ cup smooth Dijon mustard', '½ cup grainy Dijon mustard', '2 tablespoons apple cider vinegar', 'Kosher salt (if needed)']","Pour 3 cups of water into a 7-quart slow cooker. Add the ham, cut-side up, as well as the parsnips and carrots. Cook on high, uncovered, for 30 to 45 minutes. Cover the slow cooker and cook on low until the ham is tender, 3 to 4 hours.",spiral-ham-in-the-slow-cooker-guarnaschelli,"['1 (6- to 7-pound) bone-in, hickory-smoked, uncured fully cooked ham', '5 medium parsnips, peeled and halved lengthwise', '5 medium carrots, peeled and halved lengthwise', '1 cup maple syrup', '2 cups unsweetened apple juice', '½ cup packed dark brown sugar', '½ cup smooth Dijon mustard', '½ cup grainy Dijon mustard', '2 tablespoons apple cider vinegar', 'Kosher salt (if needed)']"
Butternut Squash and Apple Soup,"['6 slices bacon, cut crosswise into ½-inch pieces', '2 celery ribs, chopped', '1 carrot, chopped', '1 medium onion, chopped', '¼ teaspoon cinnamon', '¾ pound boiling potatoes', '2 medium Granny Smith apples (about ¾ pound total)', '1 ½ pounds butternut squash, peeled, seeded, and cut into ½-inch pieces (3½ to 4 cups)', '2 cups reduced-sodium chicken stock or broth', '2 to 2½ cups water', 'Sour cream']","Cook bacon in a 6-quart heavy pot over medium heat, stirring occasionally, until crisp. Peel and core 1 apple and coarsely chop. Peel potatoes and chop them.",butternut-squash-apple-soup-365210,"['6 slices bacon, cut crosswise into ½-inch pieces', '2 celery ribs, chopped', '1 carrot, chopped', '1 medium onion, chopped', '¼ teaspoon cinnamon', '¾ pound boiling potatoes', '2 medium Granny Smith apples (about ¾ pound total)', '1 ½ pounds butternut squash, peeled, seeded, and cut into ½-inch pieces (3½ to 4 cups)', '2 cups reduced-sodium chicken stock or broth', '2 to 2½ cups water', 'Sour cream']"
Caesar Salad Roast Chicken,"['8 anchovies, mashed to a paste', '8 garlic cloves, finely grated', '6 Tbsp. mayonnaise, divided', '1 Tbsp. Dijon mustard, plus more for serving', '2 Tbsp. extra-virgin olive oil, divided', '1½ tsp. freshly ground black pepper, plus more', '1 (3½–4-lb.) whole chicken or 4 chicken legs (thigh and drumstick; about 3 lb.)', 'Kosher salt', '8 medium shallots, unpeeled, halved lengthwise', '2 lemons, divided', '1 oz. Parmesan, finely grated', '4 oz. country-style bread, torn into (1½"") pieces', '2 romaine hearts, leaves separated, torn']",Pat chicken dry; season outside and inside all over with salt. Arrange breast side up in a cast-iron skillet and tuck wings underneath. Finely grate half of zest of 1 lemon into a large bowl; cut lemon in half and squeeze juice.,caesar-salad-roast-chicken,"['8 anchovies, mashed to a paste', '8 garlic cloves, finely grated', '6 Tbsp. mayonnaise, divided', '1 Tbsp. Dijon mustard, plus more for serving', '2 Tbsp. extra-virgin olive oil, divided', '1½ tsp. freshly ground black pepper, plus more', '1 (3½–4-lb.) whole chicken or 4 chicken legs (thigh and drumstick; about 3 lb.)', 'Kosher salt', '8 medium shallots, unpeeled, halved lengthwise', '2 lemons, divided', '1 oz. Parmesan, finely grated', '4 oz. country-style bread, torn into (1½"") pieces', '2 romaine hearts', 'leaves separated', 'torn']"
Chicken and Rice With Leeks and Salsa Verde,"['1½ lb. skinless, boneless chicken thighs (4–8 depending on size)', 'Kosher salt, freshly ground pepper', '3 Tbsp. unsalted butter, divided', '2 large or 3 medium leeks, white and pale green parts only, halved lengthwise, thinly sliced', 'Zest and juice of 1 lemon, divided', '1½ cups long-grain white rice, rinsed until water runs clear', '2¾ cups low-sodium chicken broth', '1 oil-packed anchovy fillet', '2 garlic cloves', '1 Tbsp. drained capers', 'Crushed red pepper flakes', '1 cup tender herb leaves (such as parsley, cilantro, and/or mint)', '4–5 Tbsp. extra-virgin olive oil']","Melt 2 Tbsp. butter in a large high-sided skillet over medium-high heat. Add leeks and half of lemon zest, season with salt and pepper, and mix to coat leeks in butter. Reduce heat to medium-low, cover, and cook, stirring occasionally, until leeks are somewhat tender, about 5 minutes.",chicken-and-rice-with-leeks-and-salsa-verde,"['1½ lb. skinless, boneless chicken thighs (4–8 depending on size)', 'Kosher salt, freshly ground pepper', '3 Tbsp. unsalted butter, divided', '2 large or 3 medium leeks, white and pale green parts only, halved lengthwise, thinly sliced', 'Zest and juice of 1 lemon, divided', '1½ cups long-grain white rice, rinsed until water runs clear', '2¾ cups low-sodium chicken broth', '1 oil-packed anchovy fillet', '2 garlic cloves', '1 Tbsp. drained capers', 'Crushed red pepper flakes', '1 cup tender herb leaves (such as parsley, cilantro, and/or mint)', '4–5 Tbsp. extra-virgin olive oil']"
Gorditas con Camarones,"['1⅓ cups instant corn masa flour (such as Maseca)', '5 Tbsp. lard, melted, or vegetable oil, divided', '2½ tsp. Diamond Crystal or 1½ tsp. Morton kosher salt, divided, plus more', '4 guajillo or dried New Mexico chiles, stems and seeds removed', '2 morita chiles, stems removed, or 2 canned chipotle chiles in adobo', '1 tsp. ground coriander or cumin', '1½ lb. medium shrimp, peeled, deveined', '4 garlic cloves, thinly sliced', '2 sprigs thyme', '1 Tbsp. apple cider vinegar', '1 tsp. agave syrup or honey', '3 Tbsp. unsalted butter, cut into pieces', 'Sliced onion, sliced avocado, cilantro leaves with tender stems, and lime wedges (for serving)']","Mash masa, 1 Tbsp. lard, 1 tsp. Diamond Crystal or ½ tsp. Morton salt, and 1 cup water in a medium bowl until a soft and slightly sticky dough forms. Cover and let sit at least 30 minutes and up to 3 hours. Bring guajillo chiles, morita chiles and coriander to a boil in",gorditas-con-camarones,"['1⅓ cups instant corn masa flour (such as Maseca)', '5 Tbsp. lard, melted, or vegetable oil, divided', '2½ tsp. Diamond Crystal or 1½ tsp. Morton kosher salt, divided, plus more', '4 guajillo or dried New Mexico chiles, stems and seeds removed', '2 morita chiles, stems removed, or 2 canned chipotle chiles in adobo', '1 tsp. ground coriander or cumin', '1½ lb. medium shrimp, peeled, deveined', '4 garlic cloves, thinly sliced', '2 sprigs thyme', '1 Tbsp. apple cider vinegar', '1 tsp. agave syrup or honey', '3 Tbsp. unsalted butter, cut into pieces', 'Sliced onion', 'sliced avocado', 'cilantro leaves with tender stems', 'and lime wedges (for serving)']"
Enfrijoladas,"['5 Tbsp. vegetable oil, divided', '8 corn tortillas', '12 oz. fresh chorizo', '3 garlic cloves, crushed', '½ medium white onion, thinly sliced, plus more for serving', 'Kosher salt', '2 (15-oz.) cans black beans, rinsed, or 3 cups Frijoles de la Olla, drained', '1½ cups low-sodium chicken broth', '6 oz. queso fresco or Cotija cheese, crumbled', 'Cilantro leaves with tender stems and sliced avocado (for serving)']","Cook chorizo, breaking up with a wooden spoon, until browned and cooked through. Add garlic and ½ onion to same skillet, season with salt, and cook, tossing occasionally, until tender and beginning to brown, 6–8 minutes. Add beans and broth to blender and purée until smooth.",enfrijoladas,"['5 Tbsp. vegetable oil, divided', '8 corn tortillas', '12 oz. fresh chorizo', '3 garlic cloves, crushed', '½ medium white onion, thinly sliced, plus more for serving', 'Kosher salt', '2 (15-oz.) cans black beans, rinsed, or 3 cups Frijoles de la Olla, drained', '1½ cups low-sodium chicken broth', '6 oz. queso fresco or Cotija cheese, crumbled', 'Cilantro leaves with tender stems and sliced avocado (for serving)']"
Caramelized Plantain Parfait,"['6 Tbsp. virgin coconut oil', '4 ripe (spotted) plátanos manzanos or 2 large ripe (black) plantains, peeled, sliced in half lengthwise', 'Kosher salt', '3 cups plain unsweetened coconut milk yogurt or Greek yogurt', '2 ripe mangoes, thinly sliced', 'Toasted nuts, seeds, and/or unsweetened shredded coconut (for serving)']","Heat oil in a large nonstick skillet over medium-high. Cook plantains, turning once, until deep golden brown. Transfer to paper towels to drain; season with salt.",caramelized-plantain-parfait,"['6 Tbsp. virgin coconut oil', '4 ripe (spotted) plátanos manzanos or 2 large ripe (black) plantains, peeled, sliced in half lengthwise', 'Kosher salt', '3 cups plain unsweetened coconut milk yogurt or Greek yogurt', '2 ripe mangoes, thinly sliced', 'Toasted nuts', 'seeds', 'and/or unsweetened shredded coconut (for serving)']"
Chicken and Potato Gratin With Brown Butter Cream,"['3 lb. skin-on, bone-in chicken thighs and drumsticks', '7½ tsp. kosher salt, divided', '1 lb. small potatoes (such as fingerling or baby Yukon Gold), halved lengthwise', '8 oz. small or medium shallots, halved through root ends', '5 Tbsp. unsalted butter, divided', '¾ cup heavy cream', '2 garlic cloves, finely grated', '½ tsp. freshly ground black pepper', '¼ tsp. freshly grated or ground nutmeg', '8 sprigs thyme', '8 sage leaves', '3½ oz. country-style bread, preferably day-old, torn into large pieces', '1 lemon, cut into wedges (optional)']","Melt 4 Tbsp. butter in a small saucepan over medium heat and cook, stirring often, until butter foams, then browns, 5–8 minutes. Season chicken all over with 4 tsp. salt. Chill at least 1 hour and up to 1 day.",chicken-and-potato-gratin-brown-butter-cream,"['3 lb. skin-on, bone-in chicken thighs and drumsticks', '7½ tsp. kosher salt, divided', '1 lb. small potatoes (such as fingerling or baby Yukon Gold), halved lengthwise', '8 oz. small or medium shallots, halved through root ends', '5 Tbsp. unsalted butter, divided', '¾ cup heavy cream', '2 garlic cloves, finely grated', '½ tsp. freshly ground black pepper', '¼ tsp. freshly grated or ground nutmeg', '8 sprigs thyme', '8 sage leaves', '3½ oz. country-style bread, preferably day-old, torn into large pieces', '1 lemon', 'cut into wedges (optional)']"
Roasted Beets With Crispy Sunchokes and Pickled Orange-Ginger Purée,"['Strips of zest (no pith) from 1 medium orange', '2½ ounces fresh ginger (about one 5-inch piece), peeled and thinly shaved (use a mandoline if you have one)', '¼ cup fresh lime juice', '¼ cup champagne vinegar', '¼ cup sugar', '2 tablespoons plus ¾ teaspoon kosher salt', '2 tablespoons extra-virgin olive oil', '½ Thai chile, with seeds', '1½ pounds beets (use a mix of colors if possible), about 5 medium', '¼ cup extra-virgin olive oil', '¼ cup white wine vinegar', '¼ cup water', 'Kosher salt and freshly ground black pepper', '1 tablespoon extra-virgin olive oil', '½ cup roughly chopped cashews', '4 large sunchokes, thinly shaved (use a mandoline if you have one)', 'Vegetable oil', 'Kosher salt', '1 medium orange', 'Roasted Beets', 'Extra-virgin olive oil', 'Kosher salt', '¼ cup Pickled Orange-Ginger Puree', 'Toasted Cashews', '1 tablespoon roughly chopped tarragon', '1 tablespoon roughly chopped dill fronds', 'Sunchoke Chips']",The pickled ginger can be refrigerated for a couple of months. The sunchoke chips can be stored in an airtight container at room temperature for a day or two.,roasted-beets-with-crispy-sunchokes-and-pickled-orange-ginger-puree,"['Strips of zest (no pith) from 1 medium orange', '2½ ounces fresh ginger (about one 5-inch piece), peeled and thinly shaved (use a mandoline if you have one)', '¼ cup fresh lime juice', '¼ cup champagne vinegar', '¼ cup sugar', '2 tablespoons plus ¾ teaspoon kosher salt', '2 tablespoons extra-virgin olive oil', '½ Thai chile, with seeds', '1½ pounds beets (use a mix of colors if possible), about 5 medium', '¼ cup extra-virgin olive oil', '¼ cup white wine vinegar', '¼ cup water', 'Kosher salt and freshly ground black pepper', '1 tablespoon extra-virgin olive oil', '½ cup roughly chopped cashews', '4 large sunchokes, thinly shaved (use a mandoline if you have one)', 'Vegetable oil', 'Kosher salt', '1 medium orange', 'Roasted Beets', 'Extra-virgin olive oil', 'Kosher salt', '¼ cup Pickled Orange-Ginger Puree', 'Toasted Cashews', '1 tablespoon roughly chopped tarragon', '1 tablespoon roughly chopped dill fronds', 'Sunchoke Chips']"
Kale and Pumpkin Falafels With Pickled Carrot Slaw,"['¾ cup (120g or 4½ oz) toasted pepitas (pumpkin seeds)', '3 cups (90g or 3 oz) shredded kale, stems removed (about 3 large leaves)', '1 clove garlic, crushed', '1 (16 oz or 400g ) can chickpeas (garbanzo beans), rinsed, drained', '1½ teaspoons ground turmeric', '½ cup (6g or ¼ oz) coriander (cilantro) leaves', 'Sea salt and cracked black pepper', '3 cups (450g or 1 lb) firmly packed grated pumpkin', 'Extra virgin olive oil, for brushing', 'Plain Greek-style yogurt and hulled tahini, to serve', '6 carrots, shredded using a julienne peeler', '2 tablespoons apple cider vinegar', '2 tablespoons honey', '2 large red chiles, sliced', '½ cup (6g or ¼ oz) coriander (cilantro) leaves']","Pumpkin falafels are a traditional falafel recipe. They are served with yoghurt, tahini and a pickled carrot slaw.",kale-and-pumpkin-falafels-with-pickled-carrot-slaw,"['¾ cup (120g or 4½ oz) toasted pepitas (pumpkin seeds)', '3 cups (90g or 3 oz) shredded kale, stems removed (about 3 large leaves)', '1 clove garlic, crushed', '1 (16 oz or 400g ) can chickpeas (garbanzo beans), rinsed, drained', '1½ teaspoons ground turmeric', '½ cup (6g or ¼ oz) coriander (cilantro) leaves', 'Sea salt and cracked black pepper', '3 cups (450g or 1 lb) firmly packed grated pumpkin', 'Extra virgin olive oil, for brushing', 'Plain Greek-style yogurt and hulled tahini, to serve', '6 carrots, shredded using a julienne peeler', '2 tablespoons apple cider vinegar', '2 tablespoons honey', '2 large red chiles, sliced', '½ cup (6g or ¼ oz) coriander (cilantro) leaves']"
Maple and Chile Roasted Squash With Quinoa Tabouli,"['1 (2kg or 4 lb or 4 oz) butternut squash or 2 (1kg or 2 lb or 3 oz) butternut squash, halved', '2 tablespoons extra virgin olive oil', '1 tablespoon pure maple syrup', '1 teaspoon chile flakes', 'Sea salt and cracked black pepper', '1/4 cup (40g or 1 ½ oz) roasted almonds, chopped', '2 cups (320g or 11 ¼ oz) cooked quinoa', '½ cup (8g or ¼ oz) torn mint leaves', '60g (2 oz) wild rocket (arugula) leaves', '½ cup (140g or 5 oz) hulled tahini', '⅔ cup (160ml or 5 ½ fl oz) lemon juice', '1 cup (250ml or 8 ½ fl oz) water', '1 clove garlic, crushed', 'Sea salt flakes']","Preheat oven to 220°C (425°F) Place squash, cut side up, onto a baking tray. Combine the oil, maple, chile, salt and pepper and brush over the squash. Cover with aluminium foil and roast for 20 minutes.",maple-chile-roasted-pumpkin-with-quinoa-tabouli,"['1 (2kg or 4 lb or 4 oz) butternut squash or 2 (1kg or 2 lb or 3 oz) butternut squash, halved', '2 tablespoons extra virgin olive oil', '1 tablespoon pure maple syrup', '1 teaspoon chile flakes', 'Sea salt and cracked black pepper', '1/4 cup (40g or 1 ½ oz) roasted almonds, chopped', '2 cups (320g or 11 ¼ oz) cooked quinoa', '½ cup (8g or ¼ oz) torn mint leaves', '60g (2 oz) wild rocket (arugula) leaves', '½ cup (140g or 5 oz) hulled tahini', '⅔ cup (160ml or 5 ½ fl oz) lemon juice', '1 cup (250ml or 8 ½ fl oz) water', '1 clove garlic, crushed', 'Sea salt flakes']"
Chhena Poda (Spiced Cheesecake),"['Ghee, for the cake pan', '8 ounces paneer, preferably homemade', '¼ cup confectioners’ sugar', '½ teaspoon ground cardamom', '2 tablespoons semolina', '1½ tablespoons ghee, store-bought or homemade', '¼ cup whole milk', '2 tablespoons roasted cashews', '2 tablespoons golden raisins', '3 tablespoons granulated sugar', 'Freshly whipped cream or sliced almonds (optional), for serving']","In a large bowl, stir together the paneer, confectioners’ sugar, and cardamom. Add the semolina, ghee, and milk and whisk until smooth. Stir in the cashews and raisins and set aside. Preheat the oven to 350°F.",chhena-poda-paneer-cheesecake,"['Ghee, for the cake pan', '8 ounces paneer, preferably homemade', '¼ cup confectioners’ sugar', '½ teaspoon ground cardamom', '2 tablespoons semolina', '1½ tablespoons ghee, store-bought or homemade', '¼ cup whole milk', '2 tablespoons roasted cashews', '2 tablespoons golden raisins', '3 tablespoons granulated sugar', 'Freshly whipped cream or sliced almonds (optional)', 'for serving']"
Paneer,"['2 quarts whole milk', 'Juice of 2 lemons', '½ teaspoon kosher salt']","In a medium saucepan, heat the milk to 195°F over medium heat. Stir frequently during the heating process to prevent the milk from scalding. The milk will become foamy and bubbles will form on its surface once it reaches the desired temperature.",homemade-paneer-recipe,"['2 quarts whole milk', 'Juice of 2 lemons', '½ teaspoon kosher salt']"
Sloppy Joe Shirred Eggs With Spinach,"['1 medium carrot, top removed and cut into about 6 pieces', '1 (14.5-ounce) can diced tomatoes, or 2 scant cups roughly chopped fresh tomatoes', '2 tablespoons extra virgin olive oil, divided', '3 garlic cloves, minced', '8 ounces fresh spinach (4 cups packed)', '3 teaspoons kosher salt, divided', '1 pound ground turkey', '2 teaspoons ground cumin', '1 teaspoon smoked paprika', '½ teaspoon ground black pepper', '½ cup R-Rated Onions', '2 tablespoons red wine vinegar', '4 large eggs Parmigiano Reggiano, for serving (optional)']","In an ovenproof 12-inch sauté pan or skillet set over medium heat, cook 1 tablespoon of the olive oil and the minced garlic. Combine the carrot, tomatoes plus their juice, and 1 cup water in a blender. Top each section of spinach with a cracked egg.",sloppy-joe-shirred-eggs-with-spinach-vivian-howard,"['1 medium carrot, top removed and cut into about 6 pieces', '1 (14.5-ounce) can diced tomatoes, or 2 scant cups roughly chopped fresh tomatoes', '2 tablespoons extra virgin olive oil, divided', '3 garlic cloves, minced', '8 ounces fresh spinach (4 cups packed)', '3 teaspoons kosher salt, divided', '1 pound ground turkey', '2 teaspoons ground cumin', '1 teaspoon smoked paprika', '½ teaspoon ground black pepper', '½ cup R-Rated Onions', '2 tablespoons red wine vinegar', '4 large eggs Parmigiano Reggiano', 'for serving (optional)']"
R-Rated Onions,"['4–5 large or 6–8 medium yellow or white onions', '1 Tbsp olive or vegetable oil', '1 tsp kosher salt']"," Peel your onions and cut them in half through their stem ends. Slice them thinly with the grain, following the line from root to stem rather than cutting the onion across its belly.",r-rated-caramelized-onions-vivian-howard,"['4–5 large or 6–8 medium yellow or white onions', '1 Tbsp olive or vegetable oil', '1 tsp kosher salt']"
Miso-Squash Ramen,"['1 Tbsp. extra-virgin olive oil', '1 Tbsp. white miso', '2 tsp. pure maple syrup or brown sugar', '1 tsp. regular soy sauce or tamari', '1 small kabocha squash (about 2 lb.), peeled, cut into 1""-thick wedges, or 1 small butternut squash (about 2 lb.), peeled, cut into 1"" pieces', '1 Tbsp. extra-virgin olive oil', '1 (1"") piece ginger, coarsely chopped', '2 garlic cloves, coarsely chopped', '4 cups low-sodium vegetable broth', '2 Tbsp. white miso', 'Kosher salt, freshly ground pepper', '1 large bunch broccolini (8–10 oz.), halved crosswise, thicker stalks halved lengthwise', '4 (5-oz.) packages wavy ramen noodles, preferably fresh', 'Handful of cilantro leaves with tender stems']","Roast squash until fork-tender (it will be a little caramelized in spots), 25–30 minutes. Set 8 roasted squash wedges (or about 2 cups if using butternut) aside for serving.",miso-squash-ramen-hetty-mckinnon,"['1 Tbsp. extra-virgin olive oil', '1 Tbsp. white miso', '2 tsp. pure maple syrup or brown sugar', '1 tsp. regular soy sauce or tamari', '1 small kabocha squash (about 2 lb.), peeled, cut into 1""-thick wedges, or 1 small butternut squash (about 2 lb.), peeled, cut into 1"" pieces', '1 Tbsp. extra-virgin olive oil', '1 (1"") piece ginger, coarsely chopped', '2 garlic cloves, coarsely chopped', '4 cups low-sodium vegetable broth', '2 Tbsp. white miso', 'Kosher salt, freshly ground pepper', '1 large bunch broccolini (8–10 oz.), halved crosswise, thicker stalks halved lengthwise', '4 (5-oz.) packages wavy ramen noodles, preferably fresh', 'Handful of cilantro leaves with tender stems']"
Spicy Coconut Pumpkin Soup,"['2 tablespoons coconut oil', '1 pound calabaza pumpkin, seeded, peeled, and cut into chunks', '1 small onion, minced', '3 garlic cloves, minced', '1 ají dulce pepper, seeded and minced', '1 teaspoon dark brown sugar', '½ teaspoon ground cumin', '2 cups coconut milk', '1 cup chicken broth or vegetable broth', 'Salt and freshly ground black pepper', '2 tablespoons chopped fresh cilantro']","Coconut oil, brown sugar, cumin, garlic, ají dulce, coconut milk and broth. Add the pumpkin and simmer for 15 minutes.",spicy-coconut-pumpkin-soup,"['2 tablespoons coconut oil', '1 pound calabaza pumpkin, seeded, peeled, and cut into chunks', '1 small onion, minced', '3 garlic cloves, minced', '1 ají dulce pepper, seeded and minced', '1 teaspoon dark brown sugar', '½ teaspoon ground cumin', '2 cups coconut milk', '1 cup chicken broth or vegetable broth', 'Salt and freshly ground black pepper', '2 tablespoons chopped fresh cilantro']"
Baigan Chokha,"['2 large Italian eggplants', '1 tablespoon canola oil', '½ medium onion, chopped', '2 cloves garlic, finely chopped', '1 small tomato, chopped', '¼ teaspoon coarse salt, or to taste', 'Freshly ground black pepper to taste', '1 tablespoon coarsely chopped cilantro', 'Roti, for serving']","Eggplants should be soft to the touch and pulpy, and should easily come away from the skin. Prepare a hot grill or preheat the broiler. Garnish with the cilantro and serve with roti.",baigan-chokha-trinidadian-broiled-grilled-mashed-eggplant,"['2 large Italian eggplants', '1 tablespoon canola oil', '½ medium onion, chopped', '2 cloves garlic, finely chopped', '1 small tomato, chopped', '¼ teaspoon coarse salt, or to taste', 'Freshly ground black pepper to taste', '1 tablespoon coarsely chopped cilantro', 'Roti', 'for serving']"
Dad’s Curried Chicken,"['1 (4-pound) chicken, cut into 8 pieces, skin removed', '1 tablespoon freshly squeezed lime juice', '2 tablespoons Green Seasoning', '1 teaspoon coarse salt', '1 Scotch bonnet pepper or other hot red chili pepper, finely chopped', '2 cloves garlic, crushed', '¼ cup Trinidad Curry Powder', '2 tablespoons canola oil', '1 medium onion, chopped', '1 cup chicken stock or water', 'Roti or white rice, for serving']","Combine the curry powder with just enough water to form a thick paste. Heat the oil in a heavy-bottomed pot. Add the curry paste and onion. Cook, stirring constantly, for 1 to 2 minutes over medium-low heat.",dads-trinidadian-curried-chicken,"['1 (4-pound) chicken, cut into 8 pieces, skin removed', '1 tablespoon freshly squeezed lime juice', '2 tablespoons Green Seasoning', '1 teaspoon coarse salt', '1 Scotch bonnet pepper or other hot red chili pepper, finely chopped', '2 cloves garlic, crushed', '¼ cup Trinidad Curry Powder', '2 tablespoons canola oil', '1 medium onion, chopped', '1 cup chicken stock or water', 'Roti or white rice', 'for serving']"
Trinidad Curry Powder,"['6 cardamom pods', '1 cup coriander seeds', '¼ cup cumin seeds', '1 Tbsp. mustard seeds', '1 Tbsp. fenugreek seeds', '10-15 curry leaves (optional)', '¼ cup whole black peppercorns', '6 whole cloves', '⅓ cup plus 1 Tbsp. ground turmeric']","Cardamom seeds, coriander, seeds, cumin seeds, mustard seeds, fenugreek seeds, and curry leaves toasted. Grind the mixture to a find powder. Store in an airtight container.",trinidad-curry-powder,"['6 cardamom pods', '1 cup coriander seeds', '¼ cup cumin seeds', '1 Tbsp. mustard seeds', '1 Tbsp. fenugreek seeds', '10-15 curry leaves (optional)', '¼ cup whole black peppercorns', '6 whole cloves', '⅓ cup plus 1 Tbsp. ground turmeric']"
Shrimp Creole,"['3 garlic cloves, minced', '2 large onions, chopped fine', '1 cup finely chopped celery (about 2 stalks)', '1 red bell pepper, cut into ½-inch dice', '½ green bell pepper, cut into ½-inch dice', '2 tablespoons olive oil', '2 cups chicken broth', '1 (28-ounce) can whole tomatoes, drained and chopped', '1 bay leaf', '1 teaspoon ground cumin', '1 teaspoon salt, or to taste', '½ teaspoon freshly ground black pepper', '1½ pounds large shrimp (about 32), shelled and deveined', 'Accompaniment: 1 cup uncooked rice, prepared according to package instructions but without butter or margarine']","Garlic, onions, celery, and bell peppers cook in oil over moderately low heat. Add all remaining ingredients except shrimp and simmer, uncovered, 30 minutes. Stir in shrimp and cook, covered, over moderately high heat, stirring occasionally, until shrimp are cooked through, about 5 minutes.",shrimp-creole-14653,"['3 garlic cloves, minced', '2 large onions, chopped fine', '1 cup finely chopped celery (about 2 stalks)', '1 red bell pepper, cut into ½-inch dice', '½ green bell pepper, cut into ½-inch dice', '2 tablespoons olive oil', '2 cups chicken broth', '1 (28-ounce) can whole tomatoes, drained and chopped', '1 bay leaf', '1 teaspoon ground cumin', '1 teaspoon salt, or to taste', '½ teaspoon freshly ground black pepper', '1½ pounds large shrimp (about 32), shelled and deveined', 'Accompaniment: 1 cup uncooked rice', 'prepared according to package instructions but without butter or margarine']"
Green Seasoning,"['3 Tbsp. chopped fresh chives', '1 Tbsp. chopped fresh shado beni or cilantro leaves', '2 Tbsp. chopped fresh thyme', '1 Tbsp. chopped fresh oregano', '1 Tbsp. chopped fresh parsley', '4 cloves garlic']","Use immediately, or store in a tightly sealed glass jar in the refrigerator for up to 1 week. Process all the ingredients in a food processor until the mixture forms a thick paste.",trinidadian-green-seasoning,"['3 Tbsp. chopped fresh chives', '1 Tbsp. chopped fresh shado beni or cilantro leaves', '2 Tbsp. chopped fresh thyme', '1 Tbsp. chopped fresh oregano', '1 Tbsp. chopped fresh parsley', '4 cloves garlic']"
Chicken Pelau,"['1 cup dry or 1 (12-ounce) can pigeon peas, pinto beans, or black-eyed peas', '2 cups long-grain rice', '3 tablespoons canola oil', '3/4 cup sugar (white or brown)', '1 (3-pound) chicken, cut into 8 pieces, skin removed', '1 small onion, chopped', '1 clove garlic, finely chopped', '1 cup coconut milk', '1 bay leaf', '2 teaspoons Green Seasoning', '1/2 cup chopped parsley', '1 sprig thyme', '2 carrots, peeled and chopped', '5 scallions, chopped (white and green parts)', 'Kosher salt', '2 cups cubed fresh calabaza or butternut squash', '1 small whole Scotch bonnet pepper', '1/2 cup ketchup', '1 tablespoon butter']","In Tobago, pelau is often made with crab. West Indian pumpkin (also called calabaza) is ideal for this recipe. Chicken is the most common meat in pelau.",pelau-234498,"['1 cup dry or 1 (12-ounce) can pigeon peas, pinto beans, or black-eyed peas', '2 cups long-grain rice', '3 tablespoons canola oil', '3/4 cup sugar (white or brown)', '1 (3-pound) chicken, cut into 8 pieces, skin removed', '1 small onion, chopped', '1 clove garlic, finely chopped', '1 cup coconut milk', '1 bay leaf', '2 teaspoons Green Seasoning', '1/2 cup chopped parsley', '1 sprig thyme', '2 carrots, peeled and chopped', '5 scallions, chopped (white and green parts)', 'Kosher salt', '2 cups cubed fresh calabaza or butternut squash', '1 small whole Scotch bonnet pepper', '1/2 cup ketchup', '1 tablespoon butter']"
Our Favorite Creamy Mashed Potatoes,"['4 pounds Yukon Gold potatoes, peeled, cut into 2"" pieces', '6 large garlic cloves, peeled', '1 tablespoon plus 2 teaspoons kosher salt, divided, plus more', '1 1/4 cups whole milk', '4 thyme sprigs', '3/4 cup (1 1/2 sticks) plus 2 tablespoons unsalted butter, divided', '3/4 teaspoon freshly ground black pepper, plus more', '1/2 cup sour cream', 'A potato ricer or food mill']","Mashed potatoes can be made 2 hours ahead; cover and store at room temperature. Or chill, covered, up to 8 hours.",our-favorite-creamy-mashed-potatoes,"['4 pounds Yukon Gold potatoes, peeled, cut into 2"" pieces', '6 large garlic cloves, peeled', '1 tablespoon plus 2 teaspoons kosher salt, divided, plus more', '1 1/4 cups whole milk', '4 thyme sprigs', '3/4 cup (1 1/2 sticks) plus 2 tablespoons unsalted butter, divided', '3/4 teaspoon freshly ground black pepper, plus more', '1/2 cup sour cream', 'A potato ricer or food mill']"
Remember the Alimony,"['¾ oz (22 ml) London Dry gin', '1½ oz (45 ml) Cynar', '1½ oz (45 ml) Fino sherry', 'Orange twist, to garnish']",Combine all the ingredients in a chilled rocks glass. Add one large ice cube and stir for 10 seconds. Garnish with an orange twist.,remember-the-alimony-cocktail,"['¾ oz (22 ml) London Dry gin', '1½ oz (45 ml) Cynar', '1½ oz (45 ml) Fino sherry', 'Orange twist', 'to garnish']"
Creole Cream Cheesecake With Caramel-Apple Topping,"['2 cups graham cracker crumbs (about 16 whole crackers)', '3 tablespoons granulated sugar', '3 tablespoons firmly packed light brown sugar', '1⁄4 teaspoon kosher salt', '1⁄2 cup unsalted butter, melted', '2 pounds cream cheese, at room temperature', '1 cup granulated sugar', '1⅓ cups Creole Cream Cheese', '1 teaspoon vanilla bean paste', '2 eggs, at room temperature', 'Ingredient Info: You can substitute 1 cup sour cream mixed with 1⁄4 cup buttermilk for the 1⅓ cups Creole Cream Cheese.', '3¾ tablespoons unsalted butter', '3⁄4 cup granulated sugar', '1⁄4 cup firmly packed light brown sugar', '1½ tablespoons honey', '4 cups peeled, cored, and evenly chopped Granny Smith apples (about 7)', '1½ teaspoons finely grated lemon zest', '1 tablespoon fresh lemon juice', '3⁄4 teaspoon kosher salt', '3⁄4 teaspoon ground cinnamon', '1⁄3 teaspoon ground cardamom', '1⁄3 teaspoon ground ginger', '1 teaspoon vanilla extract']","In a large heavy-bottomed sauté pan, heat the butter until melted. Stir in the granulated sugar, brown sugar, and honey and let cook until bubbling. Add the apples and toss to coat. Cook for about 4 minutes, or until the apples just start to soften.",creole-cream-cheesecake-with-caramel-apple-topping,"['2 cups graham cracker crumbs (about 16 whole crackers)', '3 tablespoons granulated sugar', '3 tablespoons firmly packed light brown sugar', '1⁄4 teaspoon kosher salt', '1⁄2 cup unsalted butter, melted', '2 pounds cream cheese, at room temperature', '1 cup granulated sugar', '1⅓ cups Creole Cream Cheese', '1 teaspoon vanilla bean paste', '2 eggs, at room temperature', 'Ingredient Info: You can substitute 1 cup sour cream mixed with 1⁄4 cup buttermilk for the 1⅓ cups Creole Cream Cheese.', '3¾ tablespoons unsalted butter', '3⁄4 cup granulated sugar', '1⁄4 cup firmly packed light brown sugar', '1½ tablespoons honey', '4 cups peeled, cored, and evenly chopped Granny Smith apples (about 7)', '1½ teaspoons finely grated lemon zest', '1 tablespoon fresh lemon juice', '3⁄4 teaspoon kosher salt', '3⁄4 teaspoon ground cinnamon', '1⁄3 teaspoon ground cardamom', '1⁄3 teaspoon ground ginger', '1 teaspoon vanilla extract']"
Creole Cream Cheese,"['2 quarts skim milk', '1⁄4 cup buttermilk', '1 rennet tablet']",Warm the milk and buttermilk to 85°F. Add one-quarter of the rennet tablet and transfer the mixture to a plastic container or bowl. Cover with plastic wrap and then poke a few holes to allow the steam to escape. Let stand at room temperature in a cool spot in your house for 48 hours.,creole-cream-cheese,"['2 quarts skim milk', '1⁄4 cup buttermilk', '1 rennet tablet']"
